[
  {
    "id": "6476d7ac-f6d0-4c77-b216-a7f2ece6f6fd",
    "city": "South Edna",
    "country": "Rwanda",
    "street": "441 Rudy Falls",
    "state": "Arizona",
    "companyId": "975335ac-85b4-4740-b1fa-c88cdb5798e1"
  },
  {
    "id": "f431ed1e-9a56-4419-ad87-8455d1a7a851",
    "city": "Roosevelthaven",
    "country": "Gabon",
    "street": "3455 Bayer Turnpike",
    "state": "Tennessee",
    "companyId": "431e9951-7c0f-4bec-b173-072561f83a91"
  },
  {
    "id": "c377a242-b964-453f-a29f-26cc0370facc",
    "city": "West Gustaveland",
    "country": "Central African Republic",
    "street": "771 Purdy Hills",
    "state": "Pennsylvania",
    "companyId": "a82b14bd-78d5-4ba5-b182-e127aac5907a"
  },
  {
    "id": "93d3fb66-b810-4570-b35e-ca41cc84016e",
    "city": "East Dedricmouth",
    "country": "Turks and Caicos Islands",
    "street": "367 Burdette Bypass",
    "state": "Nevada",
    "companyId": "ffa643ab-f7d4-4d5f-9345-1fe7207395a8"
  },
  {
    "id": "150e39ec-068a-4709-a58c-4f7585646755",
    "city": "Myrtletown",
    "country": "Belarus",
    "street": "0044 Jasen Parkway",
    "state": "South Carolina",
    "companyId": "b36b76d0-7743-4fe5-bf94-154779d8eb29"
  },
  {
    "id": "65f2ea5c-9f79-4130-9171-8d7152285294",
    "city": "East Kayleigh",
    "country": "Israel",
    "street": "9844 Fadel Park",
    "state": "Washington",
    "companyId": "304d3f92-a8fb-4047-9a49-40c869a3052a"
  },
  {
    "id": "0fcc6422-23a2-4623-8254-0ee8afad27ed",
    "city": "Joelleshire",
    "country": "Fiji",
    "street": "87973 Ottilie Valley",
    "state": "Massachusetts",
    "companyId": "ba971658-bea4-4390-8be2-7be0b704b207"
  },
  {
    "id": "da5b12b1-b136-4ac7-b02e-1c583d46199d",
    "city": "Lake Jimmieborough",
    "country": "Turkmenistan",
    "street": "197 Isom Court",
    "state": "Utah",
    "companyId": "87815355-d092-428a-81f4-e3fd574056aa"
  },
  {
    "id": "b7fa86ec-d65a-47ed-a853-24af1e42a2e4",
    "city": "Melliechester",
    "country": "Turks and Caicos Islands",
    "street": "178 Ressie Turnpike",
    "state": "Maryland",
    "companyId": "85dd621f-a149-435e-84c0-406fe23f7a2a"
  },
  {
    "id": "3f845413-9fc7-4d58-8100-9f775a0187b9",
    "city": "Lavernefort",
    "country": "New Caledonia",
    "street": "09092 Dorothy Mount",
    "state": "Illinois",
    "companyId": "8cd78042-6990-483f-8d22-7a32e5c75606"
  },
  {
    "id": "1cdf58e0-443f-4d36-8a4b-b8d2ddfd1cff",
    "city": "Sierrashire",
    "country": "Tanzania",
    "street": "273 Champlin Points",
    "state": "Arizona",
    "companyId": "7903c9ba-d268-4daf-a47d-55b49697ad80"
  },
  {
    "id": "5e3fcddd-048f-4aa6-bc38-d2c26c6ed9dd",
    "city": "South Olin",
    "country": "Albania",
    "street": "56709 Heidenreich Track",
    "state": "Kansas",
    "companyId": "2b1780f7-052d-4bf2-ac6f-886651c0dfde"
  },
  {
    "id": "a8cea4c5-9416-49c6-8de5-fe39ae4bd621",
    "city": "Orvilleville",
    "country": "Montserrat",
    "street": "436 Feeney Overpass",
    "state": "Alabama",
    "companyId": "a3a817cf-2f4e-4648-ab54-a75335e007e1"
  },
  {
    "id": "653e39c8-26e4-4033-b36d-9a99a79f8b73",
    "city": "Port Carolinahaven",
    "country": "Faroe Islands",
    "street": "90208 Harvey Valleys",
    "state": "Florida",
    "companyId": "3c26ed77-821c-4fc8-91d3-034ccfdc2179"
  },
  {
    "id": "3f94cdc1-f04a-4f9e-bd39-bc2e49e6b3ce",
    "city": "Reubenburgh",
    "country": "Mauritania",
    "street": "413 Darrell Expressway",
    "state": "Utah",
    "companyId": "07c9ca30-e7dc-4eac-b4ae-36b4ae2acf73"
  },
  {
    "id": "30d90308-2d6f-48bb-8309-3a1bd2ebe749",
    "city": "Elisabethfort",
    "country": "Seychelles",
    "street": "3369 Michael Road",
    "state": "Kansas",
    "companyId": "8f80ddd2-75aa-461b-bf7d-1d27a3adabe3"
  },
  {
    "id": "b5c30a85-3371-4dd2-b107-0b92fea8b67b",
    "city": "Port Isadoreside",
    "country": "Tunisia",
    "street": "063 Kasandra Greens",
    "state": "New Mexico",
    "companyId": "132b8de8-fb06-4f6b-8e77-d76ea8ad791c"
  },
  {
    "id": "1d9c0466-3dd1-42c0-92f1-6f126fe68410",
    "city": "Hagenesborough",
    "country": "Barbados",
    "street": "457 Ova Pine",
    "state": "Idaho",
    "companyId": "2bc28cea-36d4-4938-9081-42c8d4ab50af"
  },
  {
    "id": "ec91af33-abf9-4834-ae83-742f924f01e0",
    "city": "Sandyshire",
    "country": "Cyprus",
    "street": "81641 Hal Point",
    "state": "Arizona",
    "companyId": "a2c39255-202a-4239-8a9f-5de62629ece0"
  },
  {
    "id": "b41aaa3a-1948-470b-a3fb-0c34d1db4a0c",
    "city": "Gregorioburgh",
    "country": "Albania",
    "street": "38844 Braun Throughway",
    "state": "Hawaii",
    "companyId": "55fd8756-d7d2-46fc-a1a0-9e72c7875a7b"
  }
]
