[
  {
    "id": "975335ac-85b4-4740-b1fa-c88cdb5798e1",
    "name": "Hackett - Greenfelder",
    "business": "world-class streamline supply-chains",
    "slogan": "Profit-focused holistic info-mediaries"
  },
  {
    "id": "431e9951-7c0f-4bec-b173-072561f83a91",
    "name": "Hagenes, Lesch and Kling",
    "business": "distributed facilitate deliverables",
    "slogan": "Reduced 5th generation service-desk"
  },
  {
    "id": "a82b14bd-78d5-4ba5-b182-e127aac5907a",
    "name": "Wisoky - Keeling",
    "business": "distributed revolutionize models",
    "slogan": "Phased impactful extranet"
  },
  {
    "id": "ffa643ab-f7d4-4d5f-9345-1fe7207395a8",
    "name": "Gutkowski, Botsford and Morar",
    "business": "B2B seize functionalities",
    "slogan": "Enhanced global contingency"
  },
  {
    "id": "b36b76d0-7743-4fe5-bf94-154779d8eb29",
    "name": "Olson, Nolan and Crist",
    "business": "rich embrace relationships",
    "slogan": "Reactive user-facing paradigm"
  },
  {
    "id": "304d3f92-a8fb-4047-9a49-40c869a3052a",
    "name": "Funk, Schmidt and Rutherford",
    "business": "mission-critical integrate eyeballs",
    "slogan": "Front-line static core"
  },
  {
    "id": "ba971658-bea4-4390-8be2-7be0b704b207",
    "name": "Strosin LLC",
    "business": "integrated transform initiatives",
    "slogan": "Synergistic heuristic Graphic Interface"
  },
  {
    "id": "87815355-d092-428a-81f4-e3fd574056aa",
    "name": "Bayer, Homenick and Connelly",
    "business": "innovative exploit metrics",
    "slogan": "Innovative real-time success"
  },
  {
    "id": "85dd621f-a149-435e-84c0-406fe23f7a2a",
    "name": "Mraz LLC",
    "business": "compelling integrate technologies",
    "slogan": "De-engineered needs-based moderator"
  },
  {
    "id": "8cd78042-6990-483f-8d22-7a32e5c75606",
    "name": "Bartoletti - Watsica",
    "business": "world-class engineer experiences",
    "slogan": "Grass-roots uniform model"
  },
  {
    "id": "7903c9ba-d268-4daf-a47d-55b49697ad80",
    "name": "Ward - Tillman",
    "business": "efficient evolve e-services",
    "slogan": "Synergized multimedia extranet"
  },
  {
    "id": "2b1780f7-052d-4bf2-ac6f-886651c0dfde",
    "name": "Kuphal and Sons",
    "business": "value-added target networks",
    "slogan": "Synergistic disintermediate portal"
  },
  {
    "id": "a3a817cf-2f4e-4648-ab54-a75335e007e1",
    "name": "Baumbach - Stehr",
    "business": "back-end redefine portals",
    "slogan": "Persevering fault-tolerant orchestration"
  },
  {
    "id": "3c26ed77-821c-4fc8-91d3-034ccfdc2179",
    "name": "Schoen, Glover and Stokes",
    "business": "dot-com optimize channels",
    "slogan": "Total composite approach"
  },
  {
    "id": "07c9ca30-e7dc-4eac-b4ae-36b4ae2acf73",
    "name": "Turcotte - Streich",
    "business": "next-generation disintermediate e-business",
    "slogan": "Polarised empowering forecast"
  },
  {
    "id": "8f80ddd2-75aa-461b-bf7d-1d27a3adabe3",
    "name": "Altenwerth - Stehr",
    "business": "next-generation engineer action-items",
    "slogan": "Face to face real-time definition"
  },
  {
    "id": "132b8de8-fb06-4f6b-8e77-d76ea8ad791c",
    "name": "Rippin, Crona and O'Reilly",
    "business": "bleeding-edge innovate platforms",
    "slogan": "Function-based tertiary open architecture"
  },
  {
    "id": "2bc28cea-36d4-4938-9081-42c8d4ab50af",
    "name": "Stroman - Kunze",
    "business": "viral streamline schemas",
    "slogan": "Compatible solution-oriented architecture"
  },
  {
    "id": "a2c39255-202a-4239-8a9f-5de62629ece0",
    "name": "Dach, Wisozk and Glover",
    "business": "intuitive recontextualize paradigms",
    "slogan": "Stand-alone systematic migration"
  },
  {
    "id": "55fd8756-d7d2-46fc-a1a0-9e72c7875a7b",
    "name": "Barrows Inc",
    "business": "24/365 repurpose bandwidth",
    "slogan": "Configurable motivating initiative"
  }
]
