[
  {
    "id": "c9b8f7a3-65a6-409c-ba8e-c770e34bc57c",
    "firstName": "Fanny",
    "lastName": "Crona",
    "dateOfBirth": "1965-01-10T20:48:37.953Z",
    "companyId": "2bc28cea-36d4-4938-9081-42c8d4ab50af",
    "jobTitle": "District Web Technician",
    "jobArea": "Web",
    "jobType": "Manager"
  },
  {
    "id": "ecdd37cd-6463-44c7-be9b-78d6f52cde2b",
    "firstName": "Brandy",
    "lastName": "Cormier",
    "dateOfBirth": "1969-06-26T20:59:44.615Z",
    "companyId": "8cd78042-6990-483f-8d22-7a32e5c75606",
    "jobTitle": "Investor Assurance Strategist",
    "jobArea": "Implementation",
    "jobType": "Analyst"
  },
  {
    "id": "54e2fe8c-c387-44cf-99c5-d14f090bac86",
    "firstName": "Lenna",
    "lastName": "Gutmann",
    "dateOfBirth": "1962-06-10T06:29:27.705Z",
    "companyId": "55fd8756-d7d2-46fc-a1a0-9e72c7875a7b",
    "jobTitle": "Forward Data Strategist",
    "jobArea": "Metrics",
    "jobType": "Technician"
  },
  {
    "id": "2aa7071f-a09d-4c93-8546-300ead403eb0",
    "firstName": "Nichole",
    "lastName": "Stracke",
    "dateOfBirth": "1943-03-09T20:49:53.726Z",
    "companyId": "975335ac-85b4-4740-b1fa-c88cdb5798e1",
    "jobTitle": "Global Metrics Coordinator",
    "jobArea": "Interactions",
    "jobType": "Administrator"
  },
  {
    "id": "08865c60-4946-4630-99d6-694ad209874d",
    "firstName": "Everardo",
    "lastName": "Conroy",
    "dateOfBirth": "1970-08-27T07:10:56.569Z",
    "companyId": "975335ac-85b4-4740-b1fa-c88cdb5798e1",
    "jobTitle": "Customer Implementation Director",
    "jobArea": "Functionality",
    "jobType": "Technician"
  },
  {
    "id": "7fbbd24b-0054-450d-aa4e-781f01b7b1b4",
    "firstName": "Viva",
    "lastName": "Stroman",
    "dateOfBirth": "1972-09-06T13:33:27.403Z",
    "companyId": "55fd8756-d7d2-46fc-a1a0-9e72c7875a7b",
    "jobTitle": "Dynamic Marketing Producer",
    "jobArea": "Assurance",
    "jobType": "Architect"
  },
  {
    "id": "9d7e604a-6b39-46c5-bd50-3989b598c0e4",
    "firstName": "Vernon",
    "lastName": "Dickens",
    "dateOfBirth": "1972-07-20T08:36:28.637Z",
    "companyId": "7903c9ba-d268-4daf-a47d-55b49697ad80",
    "jobTitle": "Corporate Factors Facilitator",
    "jobArea": "Markets",
    "jobType": "Director"
  },
  {
    "id": "2013f7ee-4a6b-4477-bbd8-ab4eb7633c1b",
    "firstName": "Gloria",
    "lastName": "Klein",
    "dateOfBirth": "1944-06-24T05:37:47.609Z",
    "companyId": "304d3f92-a8fb-4047-9a49-40c869a3052a",
    "jobTitle": "Chief Identity Planner",
    "jobArea": "Marketing",
    "jobType": "Producer"
  },
  {
    "id": "1504fe2c-325d-445b-9278-cdd23f6a1317",
    "firstName": "Maud",
    "lastName": "Cronin",
    "dateOfBirth": "1945-10-07T23:41:28.532Z",
    "companyId": "8cd78042-6990-483f-8d22-7a32e5c75606",
    "jobTitle": "Senior Group Strategist",
    "jobArea": "Mobility",
    "jobType": "Specialist"
  },
  {
    "id": "e59cf719-d9aa-4c19-b0cc-aebfb5ff02dc",
    "firstName": "Helga",
    "lastName": "Yundt",
    "dateOfBirth": "1953-04-07T15:40:50.744Z",
    "companyId": "7903c9ba-d268-4daf-a47d-55b49697ad80",
    "jobTitle": "Principal Identity Strategist",
    "jobArea": "Branding",
    "jobType": "Analyst"
  },
  {
    "id": "0a6e1ac9-dbaa-4326-b7ff-1aff847d0a03",
    "firstName": "Sophia",
    "lastName": "Walsh",
    "dateOfBirth": "1959-12-21T08:46:33.510Z",
    "companyId": "132b8de8-fb06-4f6b-8e77-d76ea8ad791c",
    "jobTitle": "Senior Configuration Strategist",
    "jobArea": "Mobility",
    "jobType": "Representative"
  },
  {
    "id": "e4d8a7ed-5f38-4104-ab88-95a06c569578",
    "firstName": "Travon",
    "lastName": "Koss",
    "dateOfBirth": "1981-11-22T02:55:34.006Z",
    "companyId": "304d3f92-a8fb-4047-9a49-40c869a3052a",
    "jobTitle": "Global Communications Analyst",
    "jobArea": "Accountability",
    "jobType": "Director"
  },
  {
    "id": "5c9454a3-d22e-434a-9f04-9fa01a3c147d",
    "firstName": "Nicholas",
    "lastName": "Kessler",
    "dateOfBirth": "1979-08-17T15:40:24.923Z",
    "companyId": "ba971658-bea4-4390-8be2-7be0b704b207",
    "jobTitle": "Dynamic Markets Specialist",
    "jobArea": "Data",
    "jobType": "Orchestrator"
  },
  {
    "id": "73591378-6602-4338-a110-b9ad8b032e27",
    "firstName": "Marshall",
    "lastName": "Dickinson",
    "dateOfBirth": "1951-01-28T14:29:46.604Z",
    "companyId": "431e9951-7c0f-4bec-b173-072561f83a91",
    "jobTitle": "National Identity Liaison",
    "jobArea": "Group",
    "jobType": "Developer"
  },
  {
    "id": "6fcaec11-b617-4398-bc10-ac6dd04c7c99",
    "firstName": "Marianna",
    "lastName": "Brakus",
    "dateOfBirth": "1950-08-05T22:12:44.785Z",
    "companyId": "85dd621f-a149-435e-84c0-406fe23f7a2a",
    "jobTitle": "Principal Applications Orchestrator",
    "jobArea": "Program",
    "jobType": "Engineer"
  },
  {
    "id": "fd1221e7-03b5-48e3-a698-f5245b9b70f2",
    "firstName": "Nellie",
    "lastName": "Rutherford",
    "dateOfBirth": "1964-03-31T11:35:10.939Z",
    "companyId": "431e9951-7c0f-4bec-b173-072561f83a91",
    "jobTitle": "Central Program Assistant",
    "jobArea": "Directives",
    "jobType": "Administrator"
  },
  {
    "id": "67b3a143-19b9-4134-9fe4-9be821cc09f8",
    "firstName": "Sonya",
    "lastName": "O'Conner",
    "dateOfBirth": "1949-07-14T04:53:34.003Z",
    "companyId": "8cd78042-6990-483f-8d22-7a32e5c75606",
    "jobTitle": "Lead Factors Consultant",
    "jobArea": "Implementation",
    "jobType": "Strategist"
  },
  {
    "id": "26e44cf2-cf3c-4ac9-b331-c87c9dfd07cf",
    "firstName": "Rhiannon",
    "lastName": "Bernier",
    "dateOfBirth": "1969-07-17T01:16:47.092Z",
    "companyId": "431e9951-7c0f-4bec-b173-072561f83a91",
    "jobTitle": "Future Program Supervisor",
    "jobArea": "Directives",
    "jobType": "Architect"
  },
  {
    "id": "43188bee-69a7-4880-95fb-50e415639898",
    "firstName": "Isabel",
    "lastName": "Schuster",
    "dateOfBirth": "1948-07-13T22:32:36.645Z",
    "companyId": "2bc28cea-36d4-4938-9081-42c8d4ab50af",
    "jobTitle": "Lead Interactions Planner",
    "jobArea": "Directives",
    "jobType": "Officer"
  },
  {
    "id": "89f5dfdd-58f2-44d3-b2f9-32aa49206ada",
    "firstName": "Roselyn",
    "lastName": "Stoltenberg",
    "dateOfBirth": "1955-01-14T18:55:27.224Z",
    "companyId": "975335ac-85b4-4740-b1fa-c88cdb5798e1",
    "jobTitle": "Regional Intranet Manager",
    "jobArea": "Accountability",
    "jobType": "Designer"
  },
  {
    "id": "cf3b007c-3d5c-4200-9b71-ea3568477c59",
    "firstName": "Ruth",
    "lastName": "Koelpin",
    "dateOfBirth": "1953-02-05T07:30:01.663Z",
    "companyId": "87815355-d092-428a-81f4-e3fd574056aa",
    "jobTitle": "Internal Configuration Orchestrator",
    "jobArea": "Program",
    "jobType": "Developer"
  },
  {
    "id": "929c292d-c36f-4902-93c6-7dc570ae6a6a",
    "firstName": "Gonzalo",
    "lastName": "Greenholt",
    "dateOfBirth": "1954-12-27T05:36:14.565Z",
    "companyId": "b36b76d0-7743-4fe5-bf94-154779d8eb29",
    "jobTitle": "Dynamic Paradigm Consultant",
    "jobArea": "Factors",
    "jobType": "Manager"
  },
  {
    "id": "bccb90ee-485f-448a-9dd8-2f73572c42af",
    "firstName": "Makenna",
    "lastName": "Rodriguez",
    "dateOfBirth": "1989-06-02T15:17:30.563Z",
    "companyId": "431e9951-7c0f-4bec-b173-072561f83a91",
    "jobTitle": "Legacy Infrastructure Executive",
    "jobArea": "Functionality",
    "jobType": "Representative"
  },
  {
    "id": "2a32c2a6-2bd5-4f94-aa44-f4d3179bd320",
    "firstName": "Jarret",
    "lastName": "Hartmann",
    "dateOfBirth": "1968-02-15T21:02:05.566Z",
    "companyId": "975335ac-85b4-4740-b1fa-c88cdb5798e1",
    "jobTitle": "International Response Assistant",
    "jobArea": "Solutions",
    "jobType": "Engineer"
  },
  {
    "id": "4dfa0ef2-9ca0-47ca-b029-672110496c04",
    "firstName": "Carroll",
    "lastName": "Rau",
    "dateOfBirth": "1985-09-05T02:34:39.529Z",
    "companyId": "3c26ed77-821c-4fc8-91d3-034ccfdc2179",
    "jobTitle": "Dynamic Communications Manager",
    "jobArea": "Data",
    "jobType": "Designer"
  },
  {
    "id": "875efe38-092c-415a-8b58-b2f308bc52a3",
    "firstName": "Aric",
    "lastName": "Waters",
    "dateOfBirth": "1983-02-13T01:58:20.665Z",
    "companyId": "07c9ca30-e7dc-4eac-b4ae-36b4ae2acf73",
    "jobTitle": "Forward Marketing Orchestrator",
    "jobArea": "Tactics",
    "jobType": "Director"
  },
  {
    "id": "83d0918b-493d-430f-a87f-506749546c49",
    "firstName": "Nova",
    "lastName": "Zboncak",
    "dateOfBirth": "1966-01-19T05:33:18.256Z",
    "companyId": "a82b14bd-78d5-4ba5-b182-e127aac5907a",
    "jobTitle": "Senior Group Coordinator",
    "jobArea": "Security",
    "jobType": "Orchestrator"
  },
  {
    "id": "aed0a1d3-258b-40f4-80e1-56894076d14d",
    "firstName": "Adela",
    "lastName": "Bergstrom",
    "dateOfBirth": "1944-10-27T11:50:09.791Z",
    "companyId": "07c9ca30-e7dc-4eac-b4ae-36b4ae2acf73",
    "jobTitle": "Investor Interactions Director",
    "jobArea": "Directives",
    "jobType": "Developer"
  },
  {
    "id": "bcd1c0e6-b995-4916-9356-0ea34c55015d",
    "firstName": "Ashlee",
    "lastName": "Kohler",
    "dateOfBirth": "1955-04-04T21:31:23.864Z",
    "companyId": "a2c39255-202a-4239-8a9f-5de62629ece0",
    "jobTitle": "Dynamic Data Executive",
    "jobArea": "Factors",
    "jobType": "Liaison"
  },
  {
    "id": "0f9d3e61-3396-4f03-8310-7ea01a2eb891",
    "firstName": "Ronny",
    "lastName": "Kris",
    "dateOfBirth": "1958-05-11T10:59:09.868Z",
    "companyId": "87815355-d092-428a-81f4-e3fd574056aa",
    "jobTitle": "Regional Factors Engineer",
    "jobArea": "Creative",
    "jobType": "Administrator"
  },
  {
    "id": "80d3d813-5918-443f-aff7-df4d98ddd86a",
    "firstName": "Kurt",
    "lastName": "Stanton",
    "dateOfBirth": "1943-12-12T02:20:40.752Z",
    "companyId": "a2c39255-202a-4239-8a9f-5de62629ece0",
    "jobTitle": "Human Response Strategist",
    "jobArea": "Group",
    "jobType": "Officer"
  },
  {
    "id": "c7fff585-2f9b-4164-94f0-6552dbeeeb04",
    "firstName": "Lue",
    "lastName": "Cronin",
    "dateOfBirth": "1971-01-19T14:16:07.619Z",
    "companyId": "431e9951-7c0f-4bec-b173-072561f83a91",
    "jobTitle": "Legacy Web Specialist",
    "jobArea": "Solutions",
    "jobType": "Producer"
  },
  {
    "id": "555d8cf7-fb41-4fb7-b310-2b4b3fbdacd1",
    "firstName": "Elza",
    "lastName": "Kreiger",
    "dateOfBirth": "1957-09-17T21:23:25.317Z",
    "companyId": "a3a817cf-2f4e-4648-ab54-a75335e007e1",
    "jobTitle": "Global Configuration Producer",
    "jobArea": "Marketing",
    "jobType": "Administrator"
  },
  {
    "id": "c1580d8d-577f-41c3-a0cb-c9e83697486f",
    "firstName": "Patience",
    "lastName": "Grimes",
    "dateOfBirth": "1961-11-01T23:51:36.078Z",
    "companyId": "132b8de8-fb06-4f6b-8e77-d76ea8ad791c",
    "jobTitle": "Customer Mobility Executive",
    "jobArea": "Mobility",
    "jobType": "Developer"
  },
  {
    "id": "68071352-af55-438c-b055-d7b6c7eb3a12",
    "firstName": "Winona",
    "lastName": "Emard",
    "dateOfBirth": "1983-04-13T05:55:33.546Z",
    "companyId": "85dd621f-a149-435e-84c0-406fe23f7a2a",
    "jobTitle": "International Configuration Specialist",
    "jobArea": "Program",
    "jobType": "Agent"
  },
  {
    "id": "632e37cc-c8a2-4b0a-b04b-b72bb7d7beb6",
    "firstName": "Santos",
    "lastName": "O'Keefe",
    "dateOfBirth": "1965-05-20T12:30:36.500Z",
    "companyId": "b36b76d0-7743-4fe5-bf94-154779d8eb29",
    "jobTitle": "Corporate Response Designer",
    "jobArea": "Paradigm",
    "jobType": "Planner"
  },
  {
    "id": "149f8758-7714-44b9-a524-4901b8ba2b1e",
    "firstName": "Kaci",
    "lastName": "Runte",
    "dateOfBirth": "1975-06-14T08:22:56.675Z",
    "companyId": "975335ac-85b4-4740-b1fa-c88cdb5798e1",
    "jobTitle": "Dynamic Data Liaison",
    "jobArea": "Factors",
    "jobType": "Planner"
  },
  {
    "id": "ddc25144-d22e-4564-8f85-aa286d925068",
    "firstName": "Amiya",
    "lastName": "Swaniawski",
    "dateOfBirth": "1976-11-03T12:30:01.887Z",
    "companyId": "ba971658-bea4-4390-8be2-7be0b704b207",
    "jobTitle": "Future Factors Liaison",
    "jobArea": "Markets",
    "jobType": "Assistant"
  },
  {
    "id": "e0453e35-632f-4e07-897d-3ccd4464fd14",
    "firstName": "Regan",
    "lastName": "Schneider",
    "dateOfBirth": "1990-12-07T03:24:34.474Z",
    "companyId": "a3a817cf-2f4e-4648-ab54-a75335e007e1",
    "jobTitle": "District Intranet Administrator",
    "jobArea": "Assurance",
    "jobType": "Associate"
  },
  {
    "id": "afeb1981-f60a-4c96-ab87-874996cab625",
    "firstName": "Gabriel",
    "lastName": "Gerlach",
    "dateOfBirth": "1985-01-13T03:06:11.104Z",
    "companyId": "85dd621f-a149-435e-84c0-406fe23f7a2a",
    "jobTitle": "Legacy Division Manager",
    "jobArea": "Mobility",
    "jobType": "Supervisor"
  },
  {
    "id": "992b7d52-9bc5-4333-876a-ea927c1086fe",
    "firstName": "Ron",
    "lastName": "Gleason",
    "dateOfBirth": "1954-04-30T23:52:26.316Z",
    "companyId": "2bc28cea-36d4-4938-9081-42c8d4ab50af",
    "jobTitle": "Regional Division Specialist",
    "jobArea": "Branding",
    "jobType": "Coordinator"
  },
  {
    "id": "aaa7941b-8886-457b-bf35-a606680de43c",
    "firstName": "Julia",
    "lastName": "Abernathy",
    "dateOfBirth": "1969-04-13T07:16:07.388Z",
    "companyId": "3c26ed77-821c-4fc8-91d3-034ccfdc2179",
    "jobTitle": "Central Program Officer",
    "jobArea": "Markets",
    "jobType": "Strategist"
  },
  {
    "id": "b3ace219-b1dd-4b6c-85d1-61cd6dc58b99",
    "firstName": "Easter",
    "lastName": "Okuneva",
    "dateOfBirth": "1987-07-21T16:55:39.874Z",
    "companyId": "ba971658-bea4-4390-8be2-7be0b704b207",
    "jobTitle": "Customer Solutions Associate",
    "jobArea": "Accounts",
    "jobType": "Associate"
  },
  {
    "id": "013efc46-d564-4cf7-a8cc-66bffc209798",
    "firstName": "Sterling",
    "lastName": "VonRueden",
    "dateOfBirth": "1951-10-31T07:03:59.175Z",
    "companyId": "07c9ca30-e7dc-4eac-b4ae-36b4ae2acf73",
    "jobTitle": "Customer Response Strategist",
    "jobArea": "Quality",
    "jobType": "Architect"
  },
  {
    "id": "5797f7d8-c12c-4bb3-b6cf-5288090a02fb",
    "firstName": "Emilia",
    "lastName": "Runolfsdottir",
    "dateOfBirth": "1964-07-02T17:47:19.378Z",
    "companyId": "132b8de8-fb06-4f6b-8e77-d76ea8ad791c",
    "jobTitle": "Global Solutions Facilitator",
    "jobArea": "Research",
    "jobType": "Director"
  },
  {
    "id": "2a06ccac-a659-4f27-9907-bd26674e1ad5",
    "firstName": "Cale",
    "lastName": "Hansen",
    "dateOfBirth": "1985-10-31T20:25:04.151Z",
    "companyId": "a2c39255-202a-4239-8a9f-5de62629ece0",
    "jobTitle": "Forward Accountability Developer",
    "jobArea": "Response",
    "jobType": "Architect"
  },
  {
    "id": "c160de3f-1277-48fd-9f73-96cc94379c11",
    "firstName": "Elliott",
    "lastName": "Halvorson",
    "dateOfBirth": "1985-04-22T16:47:58.615Z",
    "companyId": "7903c9ba-d268-4daf-a47d-55b49697ad80",
    "jobTitle": "International Infrastructure Liaison",
    "jobArea": "Brand",
    "jobType": "Agent"
  },
  {
    "id": "58c69299-ace4-47a9-b4f5-9374ee1d7c6e",
    "firstName": "Elmer",
    "lastName": "Purdy",
    "dateOfBirth": "1991-01-27T15:52:46.305Z",
    "companyId": "87815355-d092-428a-81f4-e3fd574056aa",
    "jobTitle": "Investor Group Administrator",
    "jobArea": "Accountability",
    "jobType": "Engineer"
  },
  {
    "id": "764fa253-05b2-4dee-bc11-cae08df6dcb6",
    "firstName": "Tyrese",
    "lastName": "Christiansen",
    "dateOfBirth": "1988-09-11T15:17:10.705Z",
    "companyId": "a2c39255-202a-4239-8a9f-5de62629ece0",
    "jobTitle": "Lead Accounts Analyst",
    "jobArea": "Applications",
    "jobType": "Developer"
  },
  {
    "id": "c6b8a365-8920-4aaf-b2fd-c4373a1a8698",
    "firstName": "Cedrick",
    "lastName": "McKenzie",
    "dateOfBirth": "1987-01-22T10:40:20.760Z",
    "companyId": "07c9ca30-e7dc-4eac-b4ae-36b4ae2acf73",
    "jobTitle": "Direct Configuration Supervisor",
    "jobArea": "Directives",
    "jobType": "Technician"
  }
]
