[
  {
    "id": "eec9dfc5-3e34-4992-9751-f7d8c650f1de",
    "name": "Unbranded Frozen Car",
    "department": "Garden",
    "employeesId": ["1504fe2c-325d-445b-9278-cdd23f6a1317"],
    "companyId": "8cd78042-6990-483f-8d22-7a32e5c75606"
  },
  {
    "id": "0b08928d-4244-4d76-b7ac-72e17183247a",
    "name": "Sleek Concrete Shoes",
    "department": "Kids",
    "employeesId": [],
    "companyId": "3c26ed77-821c-4fc8-91d3-034ccfdc2179"
  },
  {
    "id": "c6d11bec-ae50-4837-8adf-be301bee9039",
    "name": "Unbranded Granite Soap",
    "department": "Books",
    "employeesId": [
      "2a32c2a6-2bd5-4f94-aa44-f4d3179bd320",
      "89f5dfdd-58f2-44d3-b2f9-32aa49206ada"
    ],
    "companyId": "975335ac-85b4-4740-b1fa-c88cdb5798e1"
  },
  {
    "id": "28b77296-3867-4949-a19f-0d2dcd391e4b",
    "name": "Practical Wooden Pizza",
    "department": "Kids",
    "employeesId": [
      "68071352-af55-438c-b055-d7b6c7eb3a12",
      "afeb1981-f60a-4c96-ab87-874996cab625"
    ],
    "companyId": "85dd621f-a149-435e-84c0-406fe23f7a2a"
  },
  {
    "id": "ece5762b-c0dc-48de-85ff-6351f7b9b2d6",
    "name": "Incredible Rubber Chicken",
    "department": "Industrial",
    "employeesId": [
      "2a32c2a6-2bd5-4f94-aa44-f4d3179bd320",
      "89f5dfdd-58f2-44d3-b2f9-32aa49206ada"
    ],
    "companyId": "975335ac-85b4-4740-b1fa-c88cdb5798e1"
  },
  {
    "id": "f141ad2c-f662-42c6-bac8-8f957f97fdcd",
    "name": "Small Concrete Soap",
    "department": "Movies",
    "employeesId": ["e59cf719-d9aa-4c19-b0cc-aebfb5ff02dc"],
    "companyId": "7903c9ba-d268-4daf-a47d-55b49697ad80"
  },
  {
    "id": "fb06024e-590a-455a-bf32-91bb12532b52",
    "name": "Sleek Rubber Shoes",
    "department": "Garden",
    "employeesId": ["58c69299-ace4-47a9-b4f5-9374ee1d7c6e"],
    "companyId": "87815355-d092-428a-81f4-e3fd574056aa"
  },
  {
    "id": "c275491b-9485-4846-ad03-0044fa4827d9",
    "name": "Unbranded Metal Table",
    "department": "Movies",
    "employeesId": [],
    "companyId": "975335ac-85b4-4740-b1fa-c88cdb5798e1"
  },
  {
    "id": "fadfd649-c272-4dfc-9e1a-f697131c256b",
    "name": "Generic Cotton Keyboard",
    "department": "Shoes",
    "employeesId": ["80d3d813-5918-443f-aff7-df4d98ddd86a"],
    "companyId": "a2c39255-202a-4239-8a9f-5de62629ece0"
  },
  {
    "id": "47688f58-cd76-4ff8-bb37-5d0c6fd10e40",
    "name": "Awesome Plastic Salad",
    "department": "Books",
    "employeesId": [],
    "companyId": "3c26ed77-821c-4fc8-91d3-034ccfdc2179"
  },
  {
    "id": "fa9ef1d1-8265-42ba-8103-bc386c77770b",
    "name": "Small Wooden Salad",
    "department": "Clothing",
    "employeesId": ["4dfa0ef2-9ca0-47ca-b029-672110496c04"],
    "companyId": "3c26ed77-821c-4fc8-91d3-034ccfdc2179"
  },
  {
    "id": "3f3922a7-871b-4e9a-bd64-078b70c56033",
    "name": "Refined Concrete Car",
    "department": "Kids",
    "employeesId": [
      "013efc46-d564-4cf7-a8cc-66bffc209798",
      "aed0a1d3-258b-40f4-80e1-56894076d14d"
    ],
    "companyId": "07c9ca30-e7dc-4eac-b4ae-36b4ae2acf73"
  },
  {
    "id": "1570506b-8bb1-4cbd-89bb-dd06c0806a3b",
    "name": "Fantastic Granite Car",
    "department": "Toys",
    "employeesId": [],
    "companyId": "975335ac-85b4-4740-b1fa-c88cdb5798e1"
  },
  {
    "id": "86d7e775-668e-46b8-92b5-59eeb4ea24a7",
    "name": "Handcrafted Steel Hat",
    "department": "Sports",
    "employeesId": [],
    "companyId": "85dd621f-a149-435e-84c0-406fe23f7a2a"
  },
  {
    "id": "8faa447c-3cf5-49c7-92a9-14c2c0a453eb",
    "name": "Handcrafted Frozen Shoes",
    "department": "Kids",
    "employeesId": [
      "fd1221e7-03b5-48e3-a698-f5245b9b70f2",
      "73591378-6602-4338-a110-b9ad8b032e27",
      "c7fff585-2f9b-4164-94f0-6552dbeeeb04"
    ],
    "companyId": "431e9951-7c0f-4bec-b173-072561f83a91"
  },
  {
    "id": "3b2cdbf6-3b30-49f7-9aa9-74adaa2ee42b",
    "name": "Sleek Rubber Computer",
    "department": "Computers",
    "employeesId": ["929c292d-c36f-4902-93c6-7dc570ae6a6a"],
    "companyId": "b36b76d0-7743-4fe5-bf94-154779d8eb29"
  },
  {
    "id": "65f09978-183f-437b-9534-ee96cf28c180",
    "name": "Generic Fresh Mouse",
    "department": "Beauty",
    "employeesId": [
      "aed0a1d3-258b-40f4-80e1-56894076d14d",
      "013efc46-d564-4cf7-a8cc-66bffc209798"
    ],
    "companyId": "07c9ca30-e7dc-4eac-b4ae-36b4ae2acf73"
  },
  {
    "id": "9ac1da8f-31ea-49ab-9f73-075bfb4b4957",
    "name": "Licensed Rubber Chips",
    "department": "Books",
    "employeesId": [
      "013efc46-d564-4cf7-a8cc-66bffc209798",
      "c6b8a365-8920-4aaf-b2fd-c4373a1a8698"
    ],
    "companyId": "07c9ca30-e7dc-4eac-b4ae-36b4ae2acf73"
  },
  {
    "id": "c370130e-931f-47ed-9444-8362d423281c",
    "name": "Handmade Cotton Chips",
    "department": "Kids",
    "employeesId": ["e0453e35-632f-4e07-897d-3ccd4464fd14"],
    "companyId": "a3a817cf-2f4e-4648-ab54-a75335e007e1"
  },
  {
    "id": "b9cf5712-646d-4acb-9075-0d6474e0de5f",
    "name": "Handcrafted Cotton Chair",
    "department": "Music",
    "employeesId": [
      "4dfa0ef2-9ca0-47ca-b029-672110496c04",
      "aaa7941b-8886-457b-bf35-a606680de43c"
    ],
    "companyId": "3c26ed77-821c-4fc8-91d3-034ccfdc2179"
  },
  {
    "id": "3a6a7fff-cd05-4d02-ac28-49ac5ac7e56d",
    "name": "Rustic Wooden Keyboard",
    "department": "Tools",
    "employeesId": [
      "26e44cf2-cf3c-4ac9-b331-c87c9dfd07cf",
      "bccb90ee-485f-448a-9dd8-2f73572c42af",
      "c7fff585-2f9b-4164-94f0-6552dbeeeb04"
    ],
    "companyId": "431e9951-7c0f-4bec-b173-072561f83a91"
  },
  {
    "id": "78ed0265-83d2-4eb2-9fa6-905a00de241f",
    "name": "Small Plastic Mouse",
    "department": "Electronics",
    "employeesId": [],
    "companyId": "87815355-d092-428a-81f4-e3fd574056aa"
  },
  {
    "id": "a6585a69-cd23-464f-abc0-bde199b26c24",
    "name": "Practical Frozen Pants",
    "department": "Beauty",
    "employeesId": [],
    "companyId": "304d3f92-a8fb-4047-9a49-40c869a3052a"
  },
  {
    "id": "286a477e-6a35-41e7-9b00-9ac1dc5e610b",
    "name": "Licensed Concrete Towels",
    "department": "Beauty",
    "employeesId": ["6fcaec11-b617-4398-bc10-ac6dd04c7c99"],
    "companyId": "85dd621f-a149-435e-84c0-406fe23f7a2a"
  },
  {
    "id": "908a9a9a-1d33-401c-be60-8481363628c1",
    "name": "Licensed Rubber Keyboard",
    "department": "Computers",
    "employeesId": [
      "80d3d813-5918-443f-aff7-df4d98ddd86a",
      "764fa253-05b2-4dee-bc11-cae08df6dcb6",
      "2a06ccac-a659-4f27-9907-bd26674e1ad5"
    ],
    "companyId": "a2c39255-202a-4239-8a9f-5de62629ece0"
  },
  {
    "id": "1a153ae7-ce4a-4e3a-981d-823bcc66340b",
    "name": "Sleek Plastic Chair",
    "department": "Toys",
    "employeesId": [
      "e59cf719-d9aa-4c19-b0cc-aebfb5ff02dc",
      "c160de3f-1277-48fd-9f73-96cc94379c11"
    ],
    "companyId": "7903c9ba-d268-4daf-a47d-55b49697ad80"
  },
  {
    "id": "2173569e-8ace-4009-a33f-877328541579",
    "name": "Tasty Soft Towels",
    "department": "Games",
    "employeesId": [],
    "companyId": "a3a817cf-2f4e-4648-ab54-a75335e007e1"
  },
  {
    "id": "c96f176d-9499-47cd-8261-abe281cef0df",
    "name": "Tasty Soft Salad",
    "department": "Baby",
    "employeesId": [
      "aaa7941b-8886-457b-bf35-a606680de43c",
      "4dfa0ef2-9ca0-47ca-b029-672110496c04"
    ],
    "companyId": "3c26ed77-821c-4fc8-91d3-034ccfdc2179"
  },
  {
    "id": "627e6134-d5a8-4c16-8e18-af25da7b74af",
    "name": "Rustic Soft Bacon",
    "department": "Industrial",
    "employeesId": [
      "c160de3f-1277-48fd-9f73-96cc94379c11",
      "9d7e604a-6b39-46c5-bd50-3989b598c0e4"
    ],
    "companyId": "7903c9ba-d268-4daf-a47d-55b49697ad80"
  },
  {
    "id": "2f52fcbf-2c10-464b-b2f3-1688616f7312",
    "name": "Small Cotton Car",
    "department": "Grocery",
    "employeesId": ["e4d8a7ed-5f38-4104-ab88-95a06c569578"],
    "companyId": "304d3f92-a8fb-4047-9a49-40c869a3052a"
  },
  {
    "id": "ab1798e8-b18e-4429-a72c-8d986a82900a",
    "name": "Unbranded Cotton Hat",
    "department": "Industrial",
    "employeesId": [
      "afeb1981-f60a-4c96-ab87-874996cab625",
      "6fcaec11-b617-4398-bc10-ac6dd04c7c99"
    ],
    "companyId": "85dd621f-a149-435e-84c0-406fe23f7a2a"
  },
  {
    "id": "5b65d10c-1077-47e3-bf3f-721473b47ecf",
    "name": "Licensed Fresh Computer",
    "department": "Electronics",
    "employeesId": [],
    "companyId": "ba971658-bea4-4390-8be2-7be0b704b207"
  },
  {
    "id": "b7711142-12df-48fd-8b5d-9cd889678542",
    "name": "Refined Fresh Cheese",
    "department": "Baby",
    "employeesId": [
      "5c9454a3-d22e-434a-9f04-9fa01a3c147d",
      "ddc25144-d22e-4564-8f85-aa286d925068"
    ],
    "companyId": "ba971658-bea4-4390-8be2-7be0b704b207"
  },
  {
    "id": "d53cb5c2-5cfb-4cf6-a03e-5a494c59bbc3",
    "name": "Intelligent Frozen Soap",
    "department": "Toys",
    "employeesId": [],
    "companyId": "b36b76d0-7743-4fe5-bf94-154779d8eb29"
  },
  {
    "id": "58883f29-5b86-4a97-ad64-4dc94965f2d1",
    "name": "Licensed Concrete Pants",
    "department": "Kids",
    "employeesId": ["e0453e35-632f-4e07-897d-3ccd4464fd14"],
    "companyId": "a3a817cf-2f4e-4648-ab54-a75335e007e1"
  },
  {
    "id": "38414288-5305-4e2e-aba1-581582fa3acf",
    "name": "Intelligent Steel Soap",
    "department": "Clothing",
    "employeesId": [
      "9d7e604a-6b39-46c5-bd50-3989b598c0e4",
      "e59cf719-d9aa-4c19-b0cc-aebfb5ff02dc"
    ],
    "companyId": "7903c9ba-d268-4daf-a47d-55b49697ad80"
  },
  {
    "id": "344991dd-43f5-44df-8b56-a38203340a76",
    "name": "Handmade Metal Cheese",
    "department": "Outdoors",
    "employeesId": [],
    "companyId": "8cd78042-6990-483f-8d22-7a32e5c75606"
  },
  {
    "id": "b3877d27-3e14-43e9-892f-fbc238ed3b08",
    "name": "Tasty Soft Fish",
    "department": "Jewelery",
    "employeesId": [
      "67b3a143-19b9-4134-9fe4-9be821cc09f8",
      "ecdd37cd-6463-44c7-be9b-78d6f52cde2b"
    ],
    "companyId": "8cd78042-6990-483f-8d22-7a32e5c75606"
  },
  {
    "id": "e1bf820d-6dd0-4758-a15c-e0566102dd44",
    "name": "Refined Granite Shoes",
    "department": "Computers",
    "employeesId": ["632e37cc-c8a2-4b0a-b04b-b72bb7d7beb6"],
    "companyId": "b36b76d0-7743-4fe5-bf94-154779d8eb29"
  },
  {
    "id": "884d7933-ad92-4de7-8039-7f099943b6f1",
    "name": "Practical Concrete Salad",
    "department": "Electronics",
    "employeesId": [],
    "companyId": "132b8de8-fb06-4f6b-8e77-d76ea8ad791c"
  }
]
